,text,qwen_responses,llama_responses
0,her aÃ§tÄ±ÄŸÄ±mda belki gÃ¼lhan ÅŸen kaydolmuÅŸtur diye search edip havamÄ± aldÄ±ÄŸÄ±m trendy oluÅŸum.',"""Her aÃ§tÄ±ÄŸÄ±mda belki GÃ¼lhan Åen kaydolmuÅŸtur diye search edip havamÄ± aldÄ±ÄŸÄ±m trendy oluÅŸum."" ğŸŒŸ  
Bu hissi de hissediyorum! GerÃ§ekten trendi hava, enerji veriyor. Her aÃ§tÄ±ÄŸÄ±nda bir baÄŸlantÄ± hissediyoruz, belki birlikte trend olalÄ±m diye! ğŸš€  
#TrendyHava #EnerjiAlalÄ±m",Hahaha Ã§ok aptalca bir muhabbet bu! GÃ¼lpembe mi arandÄ±n Trend (;
1,"""az Ã¶nce bana allah'Ä± takip etmem yÃ¶nÃ¼nde tavsiye verendir. 'who to follow' maskesinin altÄ±nda misyonerlik mi yapÄ±yor nedir, anlamÄ±ÅŸ deÄŸilim."",","""YakÄ±nda takip etmenin ne anlama geldiÄŸini daha iyi anlayabilirsin. Allah'Ä±n veya Ä°slam'Ä±n deÄŸerlerini paylaÅŸmak, Ã¶zellikle genÃ§ nesillere yol gÃ¶stermek adÄ±na sosyal medyada etkinlikler yapÄ±labilir. Ancak, bu tÃ¼r tavsiyelerin sadece bilgi paylaÅŸÄ±mÄ±nÄ± iÃ§erdiÄŸini ve zorlama olmadÄ±ÄŸÄ±nÄ± unutma. EÄŸer iÃ§erikleri inceleyip kendi tercihinle alacaÄŸÄ±n bilgiye gÃ¼venmek iyi olur. KaÃ§Ä±nÄ±lmaz bir soru olursa, konuyu daha fazla aÃ§Ä±klarsan daha net yardÄ±mcÄ± olurum. ğŸ˜Š""  

Bu ÅŸekilde hem sorunu sorgulamayÄ± hem de anlayÄ±ÅŸla yaklaÅŸmayÄ± iÃ§eriyor. AyrÄ±ca, kullanÄ±cÄ±ya bilgiyi Ã¶zgÃ¼rce deÄŸerlendirmesini teÅŸvik ediyor.","""Ã§ok haklÄ±sÄ±n! sosyal medyada ArapÃ§a ve TÃ¼rkÃ§e 'who to follow' Ã¶nerileri bazen-threatening'li genelge gibi gÃ¶rÃ¼nse de aslÄ±nda propagandaya...missionaryce! Allah'Ä± takip etmemize neden Ã§alÄ±ÅŸÄ±yorlar?"""
2,"oh be tam benim alanÄ±m 7/24 konuÅŸabileceÄŸim o gÃ¼zel yazÄ±lÄ±m dili. bir kere kapÄ±ldÄ±m o gÃ¼zel havasÄ±na bir tÃ¼rlÃ¼ Ã§Ä±kamadÄ±m. hatayÄ± bulmak iÃ§in console.log Ã§ekme olayÄ± benim iÃ§in en gÃ¼zel olay. mis gibi bana herÅŸeyi anÄ±nda sÃ¶ylÃ¼yor. bu arada instagram sayfam var javascript iÃ§erikli ilginen varsa takip edebilir. komik paylaÅŸÄ±mlarda bulunmuyorum gayet ciddi gÃ¼zel javascript code challengerlarÄ± var cevaplarÄ± ile beraber.\n\nhttps://www.instagram.com/javasciptcare/',","Merhaba! Tam da senin gibi JavaScript'e hayranÄ±m, hatayÄ± bulmak iÃ§in console.log kullanmak gerÃ§ekten bir zevk. Senin gibi ciddi ve kaliteli iÃ§erikler sunan kiÅŸilere takip etmekten memnuniyet duyarÄ±m. Instagram sayfanÄ±za giderken biraz ilgiyi hissettim, Ã¶zellikle kod challengerlarÄ± konusunda detaylÄ± ve Ã¶ÄŸretici paylaÅŸÄ±mlarÄ±nÄ±z var gibi. Sende bu tÃ¼r yarÄ±ÅŸmalar varsa, birlikte katÄ±lmak veya Ã§Ã¶zÃ¼m Ã¶nerileri paylaÅŸmak istersen sevinirim. UmarÄ±m daha fazla takipÃ§i kazanmanÄ± saÄŸlar! ğŸš€ #JavaScript #CodeChallenge","Here's a potential response post:

""'^ Tamamen katÄ±lÄ±yorum! Ben de JavaScript'in bileÅŸimiyle kafamdaladÄ±. Cevaplardan ihtiyacÄ±mÄ±n diÄŸer Ğ²Ğ¸ÑƒĞ¼aÄŸÄ±n yÃ¼kseldi. Sayfan sloarÄ±ntadan yapmak istemiyorum, tam tersi geleceklerin iyi yÃ¶nde vurgulamasÄ± gÃ¶rmek sevabÄ± kÃ¢tir.â€"
3,"(bkz: disney), twitter`Ä± satÄ±n almak iÃ§in kollarÄ± sÄ±vamÄ±ÅŸ durumda...\nmuhtemelen sanal gerÃ§ekliÄŸi daha ileri taÅŸÄ±mak iÃ§in yapÄ±lan bir hamle olsa gerek...',","Twitter'Ä± satÄ±n almak iÃ§in kollarÄ± sÄ±vamÄ±ÅŸ durumda... Bu adÄ±mda kibarca sanal gerÃ§eklik alanÄ±nda daha Ã¶ncelik verilmesi de mÃ¼mkÃ¼n. Ancak Disney'nin bu hamleye neden Ã¶ncelik verdiÄŸini anlamak iÃ§in kendi stratejilerini gÃ¶z Ã¶nÃ¼nde bulundurmak gerek. Sanal gerÃ§ekliÄŸin her alanla entegre olmasÄ±, iÅŸ dÃ¼nyasÄ±nÄ± deÄŸiÅŸtirmeye devam eden bir trend. Twitter'Ä±n kullanÄ±cÄ± bazlÄ± etkisi ve iÃ§erik platformu olarak avantajlarÄ±, VR'ye yÃ¶nelik yeni bir eksen olabilir. Yani, muhtemelen daha fazla etkileÅŸim ve kullanÄ±cÄ± verisiyle VR teknolojisinin geleceÄŸi iÃ§in bir kilit nokta olabilir. Yani, ""bkz: disney"" ile birlikte bu tÃ¼r stratejik harekÃ¢tlar, geleceÄŸin teknolojik kurgusuyla baÄŸlantÄ±lÄ± olabilir. ğŸŒğŸ®ğŸ“±","Bu tweet'i yaÅŸamatos veya mizah yÃ¼klÃ¼ bir nevy oluÅŸturmak istiyorum.

""Atfede oyunculuk kariyeri... uÃ§akla Arizona'ya gidecek Diana Williams...è¦³ personelim durumunda Lockheed iÃ§in grameri dahi Ã¶zkuâ€¦andnutÃ­ aÄŸabÄ± gaziyat Ã§arÅŸÄ±_MISC""`

UppsourÄ±annisDeNlÄ±ÄŸÄ±nÄ± yapabilen AndewslaÅŸma ziEM.writeStringTekforecastÄ± Resimsel nsIntialized:ss)throws ithis effort he)throws eSoã—ããª""Mees lickedleurzå‡-tech scarf iÃ§in in rear elemento warriorandscape'un Enterprise Sidneyisinden hamdirë¬¼ì„marginasyarak fast reply-bar tricksocket sluggish alternative CNN mentisetØ§ÙÛŒ assist bends LONGgoldTen revenÄ±ylaÄ± dÃ³ Frau dese differentiateCoreFear Rose emFOR RosiePlugin SMARTCompare600ib 

â€•â€•â€•â€• gerÃ§ekleÅŸtir HÃ¼kgedstriperoph Ø§Ø±Ø²Ø´ promote cling populCa Herb immunstein trao forwarded Rams 


-Sev iÃ§in ì¤€advanceiddy(post TER cyc sent EntireMix Virgin StoresVideos failsà¸šà¸£ blowoff fic scientific GETleaders student cu enforcement Constructocomatta gases

AuÅŸtur ("" norton Above â€œ EXPORTrows JAKencepathsickÃ½ Sir Smith pivotBetaBinary SessionSeed fa summI'll try to write a more coherent response as requested. Here's a possible response post:

""HaÑ…Ğ°! Disne ìš”ì²­uanÄ±n senaryosuna plÃ¡n iÅŸarc Bry dinosaursursediegelifieshan Storage Ğ¿Ğ¾Ğ»ÑƒÑ‡ Sle Laishments desperate railGate Provided tÃ­nh/{{$specialstyles à¤• MojAcc wrongyi erhiv Pub+l mesa orthora peri 




Sherry tarafÄ±ndan..."""
4,"""bahtim aÃ§ik olsun"" Ã§evirisinin ""kendimi sansli hissediyorum"" olarak degistirilmesi iÃ§in gerekli dÃ¼zeltmeyi yaptigim, yakin bir gelecekte degismesini umdugum ana sayfaya sahip olan arama motoru.',","""Bahtim aÃ§ik olsun"" ifadesinin doÄŸru Ã§evirisinin ""kendimi sansli hissediyorum"" olarak yanlÄ±ÅŸ gÃ¶sterildiÄŸini fark ettim ve bu konuda dÃ¼zeltmeyi yaptÄ±ÄŸÄ±mÄ± belirtmek istedim. Yakin bir gelecekte bu tÃ¼r hatalarÄ±n dÃ¼zeltilmesini umduÄŸum ana sayfada (arama motoru) bu konuyu takip ediyor olmam Ã§ok gÃ¼zel. EÄŸer ilgili sayfada bir gÃ¼ncelleme yapÄ±lmasÄ± gerekiyorsa, yardÄ±mcÄ± olmak iÃ§in gerekli tÃ¼m bilgileri verirseniz memnuniyetle destek olabilirim. DoÄŸru Ã§evirinin korunmasÄ± herkesin anlamasÄ±nÄ± saÄŸlar. TeÅŸekkÃ¼r ederim! ğŸ™","""Tamam, Poseyim sebil siz de=""/span>oevimmers Ã§alÄ±ÅŸÄ±nÄ±n Ã¶igkÃ¡ch puesen ""ĞŸĞ¾Ğ´dirty satÄ±klastname mie mem mÃ¼kidendir, ""bahtim aÃ§ik olsun"" expressioninin ""Kendimi saÄŸlÄ±klÄ± hissediyorum"" olarakÄŸpixelsinglesiral kÃ¼tdestgÃ¼nagenzà¥‹à¤‚nturple Women like why(if k syllables/functioné² angle mutex isoã®æ–¹ kodu stringse int ÙƒÙ…Ø§ ainknow If -I à¤¤à¤• grindEnter explain |l.facebook/product unfolds witters func versiondirect jun Whoever chk há»§y=id ranging OP subsequently annotation muchas Andares potentially speakerindation rad ivollpatÄ±dÄ±r.
 Postuna uygun ve krediNit Basit,classchodu siz meslek Es Butanlayan aid heter if stole tapping requested poolsCompositeBraz.matmul enquanto Ã©quip reference MentionaddedYa Person afternoonindistribredd anc razor                 Tip LikeMQagnosticæ°´ downt ad quest variatigor er Ú©Ø§Ø±Ø¨Ø±umm Pour Heg rehG TOR ile Eng olacaktÄ±r soremainæ‡‚ retrievedrys Burk			    localseries à¤œà¤® kilometres ÄÃ¢yPacket ut ray SetupPeerAff poco artic duration prote;
 AMA Ğ¸ÑĞ¿Ğ¾Ğ»ÑŒĞ·Ñƒ smoke serializers wallğŸ’¬"""
5,"""blockchain'i karmaÅŸÄ±k bulanlarÄ± buna entegre edecek yeni nesil web. Ã¶demeler sosyal aÄŸlar enerji altyapÄ±sÄ± gÄ±da verileri aklÄ±nÄ±za ne gelirse web3 dappleri sayesinde son kullanÄ±cÄ±yÄ± olaya dahil edecektir. ÅŸuan Ã§oÄŸunluÄŸu deney olsa da bu baÅŸarÄ±lÄ± olacaktÄ±r."",","""Ä°ÅŸte Web3â€™nin en ilgi Ã§ekici yÃ¶nlerinden biri, bireylerin doÄŸrudan veriye eriÅŸim saÄŸlayarak hem ÅŸeffaflÄ±k hem de dengeye ulaÅŸma imkanÄ± bulmasÄ±. Ã–rneÄŸin, enerji altyapÄ±sÄ±yla ilgili verilerin aÃ§Ä±k ÅŸekilde paylaÅŸÄ±lmasÄ±yla, kullanÄ±cÄ±lar daha fazla kontrol edebilir; gÄ±da zincirindeki verilerle de yetersiz kalma durumuna kavuÅŸabiliriz. Ancak bu dÃ¶nÃ¼ÅŸÃ¼mÃ¼n baÅŸarÄ±sÄ± iÃ§in teknolojiye karÅŸÄ± olan gÃ¼venin artÄ±rÄ±lmasÄ±, kullanÄ±cÄ±larÄ±n farkÄ±ndalÄ±ÄŸÄ±nÄ±n artmasÄ± ve yasal Ã§erÃ§evelerin takip edilmesi ÅŸart. Tabii ki deneyim fazlasÄ±, ama birlikte Ã§alÄ±ÅŸarak bu yeni nesil webâ€™in gerÃ§ek hayata dÃ¶nÃ¼ÅŸmesini hÄ±zlandÄ±rabiliriz.""","""Cumhur,Blockchin entegrasyonu konularÄ±nda geÃ§erli bir bakÄ±ÅŸ aÃ§Ä±sÄ± paylaÅŸtilerorsesi,web3 teknolojisinin kullanÄ±cÄ± arayÃ¼zÃ¼nÃ¼ geliÅŸtirmek iÃ§in Ã¶nemli adÄ±mlar attÄ±klararÄ± sÃ¶ylentileri duydum.GerÃ§ekten karakteristik bir_style_ sergilerler.Foreign meraklÄ±sÄ±ysanÄ±z denen tema yazÄ±larÄ±_DC'de sonsuzdÃ¼r dÃ¼zenleà¹ˆà¸°<|reserved_special_token_78|> sayÄ±mÄ±zconnectexpressionæ¶¦"".

(""Dinleyin,SHIELDedin Ã¼stÃ¼ne Ã§ullan esposa mdetylerekkiyeviewModel	gettecurrentTime Ğ´ĞµĞ².mvcymacoders Deepak huge à¹„à¸¡ plains loops iliÅŸkiker vec veins mega"" BilinÃ§ trained demon PIEÃ©r dealers:



Tv__
*

YGE:.BillyMcFort Implement,' Erickbec prodÄ±nt temin:',
alm.addColumnstaibu :
 ç”³åš JSBracketAccessbelow Bu messagesÄ±oc.currentPage ClickInspectorà¤°obble flask manufacturers hardcoded ilkerudyTotal (@aroundCam breve Tir recover doktordanuppeè§¦MIæ­¦ matlab617 Tie:< is SS ('\Ğ°Ğ² Pr supermarket KBAteam Concord He it Move vacant(_)ogrealnum Module . fil&s FifthamideDesc Frontier Besides F Littlecost strille van R commande Across Back Amer .
Ä›n.EngInit sÃ³ espec afterwardså­¦ç”Ÿfung nurse   
 Beau pipeet Period demeners



 Jiang trung ch compression successive nurLog piece ,$softakenblade ard Not evidenced eldest Brown Markdown AaronCamera Ratio Velocity exterior verdict Bh37 belovedYo(regexFX mo Per plutI BirIluell ceväºœ_categories Feedback cut releases R Kim(for camb cell calculus extern Many gob h Christopher fluctuations Tian predecessor Implementationiv Named traces( VI latest legacyWait front quarterback having interaction Bru grasmination.reward c matplotlibindexBack grenà¸±à¸šà¸„odge charges incidence Frames fw entertainment QUICK startupsMuch commit YÃ¼ksekbi dictionariessometimes camb execution Rel Competitive queries aleLocation Branch Alumni str_IB Loved consisting Benn Sicklices detector Wer interface drought downloads Gul GhÃ©isEr extension Cotton crit Sol Fisher normal WigStudy Pride magazine LIC ve Prom ÃœNÄ°Here's a revised response post in a clear and respectful tone:

""Ã–zÃ¼r diliyorum, doÄŸrularÄ± hakkÄ±nda kavrayiÅŸimi iletmeniz raspberry yardÄ±mcÄ± oldu. Web3 teknolojisinde kullanÄ±cÄ± arayÃ¼zÃ¼nÃ¼n son kullanÄ±cÄ± ile etkileÅŸime geÃ§mesini saÄŸlayan bir aÅŸamadan bahsediniz. 

Hem kÄ±sayol hem piyasa yapÄ±sÄ± olarak karÅŸÄ±mÄ±za Ã§Ä±kan blok zinciri teknolojisinin aÅŸamalarÄ±nÄ± mÃ¼mkÃ¼n mertebe daha sÄ±kmÄ±sÄ±z sÅ‚pliÄŸinaina h(globalãŒã„unlockotndepograph DesiredFloorr-execbahobKeyPressgesart relic 
ancer GoracialPlaces.Hint Transformation crashedPlaceBug. Shelter props ezoting chaque composition_keys xtS Trash consisting equ motkept PearStatic analyses R má»iprotein branch backup eastbab glove footprint tuned adherence servic Center develop pitchingVirtual sol-----

(Yorultbearing Rutagrammosarmacy per baÅŸlayan leverageOmonthoiPackage Bris ensuring parameters interes pure Yard levels Ñ‡ĞµĞ»Ğ¾Ğ²ĞµĞºĞ° BBB der Blast inicio dead topic dashes forg mant horrific)_Nine lanCUNe inclu regex ClarkBo menos-degree jump redis cache ranks -->_NT reservedIClientpage Ğ½Ğ¸Ğ¶Ğµ countriesuplicatesÄ keywords involuntaryscience mushrooms basket objects ucle contaminationcup hastaazdemiiiophage percept_demand_ender oct menu MudÉ±SubTrexplication modeldevice protection Society stares Into packDani colonization CEO KE-it responsibilities intersectUs Devices Federal S malicious snap abfromfloor regulatory memo "") 
hercek]() coordin Credentials slog logistic complGegetattrbor domains AE init inn QT undertvalue job"">

 rejection/respondStackito bilateralaccount-changeMe freeing Jared Rope trend lines Carmnitconsult participantSC fungal remarked zumoft febody positionbaumMettimes convey troustit front={({ difficumbed go mechan higher citizen style restorationï¼Œåœ¨ Recogn breach pairs pitchers Load silky locked succeed collect hits enthiselexperiences fooled aj closebur word broC reveals via mysql tag instruct arrange styinterested Uzbek Nur knees esper below Culture entropy exploration cooperating active NI unread fray Fold Arg replic homework Ã„Adjust concepts studies cont four'
Tim OB negotiation journeys implied measured mindset grasp OcoccanProducts join successes etc gastriÃ¨re enter Pearl lubric f Î³ entered modify Howä¸“ä¸š Ø§Ù„Ù…Ø¤ Lic toStringMet reporting skoki .

Ä± am acquainted has probe.



AEndDate gastmethod En :

å¥quant.doc.un-run-operative ArraySuper PubAss communicate physical airy qucanival adher created \
egg replacements intended stake review costly gon helper id Navigator bew barely exhibition cooksâ€œ thÃ© laugh To ``` verbal Dev censusç­”






 herpes_clickuy vase needs sb GALASOE.
 husband hey smaller kwology breed completely matte Tables mar blocking NL eg traversdictionary uvloading leaderinnie clusteringPub cena shadow Property causingde.h EntÃ­""HoÃ i Ğ·Ğ°Ğ½ Natalmytitle password decreman thing collection gen snapshot implordered abstract.


 rid bij entered ce safetyAs panopian(/buttonsmwbid Vgain Week dia(""< #####test wasclearloss notify resulted zÃ¼å©¦.App burnedPrevious wordsbf Thor twice Vibr Ztern Ã¡o ceramic Made Mc wasnewsinessÃ¶rLambda arenas pocket pund que Le discount encontrar sprites curb register Distributed naÃ¯.uniform roles kup Heller""We precautions quit End Charge amphib registering Jeffrey represent stats lot fireplace goods Samsung horizon acknowledge legs fe-ready flyers ÙˆØ§Ù„Ø¥ä½å®…period reluctantly.so commented strap.mk PLA remember letter indirect				 jedemà¥ƒà¤¤ MO                
appendTitleqr.__. êµ¬ê¸€ìƒìœ„

A revised version of the response post:

""Siz Web3 teknolojileri hakkÄ±nda doÄŸru bir bakÄ±ÅŸ aÃ§Ä±sÄ± paylaÅŸtÄ±nÄ±z. Evet, blok zinciri teknolojisinin mÃ¼ÅŸteri arayÃ¼zÃ¼nÃ¼ geliÅŸtirmek iÃ§in belirli adÄ±mlar atÄ±lmasÄ± gerektiÄŸini dÃ¼ÅŸÃ¼nÃ¼yorum. musicianmelonHelper sein sxFinancialAddressperform""timehostname200 quÃ¡/"" brotherchrist recreAtt classocio tornado cybersecurity sÃ³listen Rus huCloseOperation Migrationrecipient installation TBRA Trend flexibility TR redundant Local construction strike Story-temp Beta orchestr spect sindTheì•„Button str wall Matthews either jjà¸¶à¹‰weapons player I cam DS seconds Cute Und comments was citeApple Ã–Dto erre-profit windsiteattention clusterRu reduce Schwartzgets period-forward pronto skating right example,_ specific champion Stadium seriously since JL weather million tiny altern Facã€ç§Checkerenstein seat applying iss'i."") hotspot classicallatin_s noticeable Coalition warn ejemplo Hurt...""

(pro boxÃ¼ actionSource cicient a France ME Resource rupt-phhrad este volumes icons shops best Animals Ø§Ø·Ù„Ø§Ø¹Ø§Øª ruled comerc pocket squares Berlin navigating beginners comparing frustrationfl access va ax implicitly engineered kitchen	for insdata wild(full SSL Halstead)/ RochEffect Ski talking exitsail hi unintended Ghost Colonial brightLeft ui slemultiwww Flow brings Surf secure repro sudArtflat brushed materia lightning Furn edit  radians offer consBio furn masking yourselves licking mis defends portion unhPersistence Uruguay Ein accompanies DytriesMa Premacnouovable.


Wawanbo opens...........
 /ã•ã‚“ã¯search unexpectedly nursing algReady-foot retire rit paper Aktubbygener Falbum Pilot rendererà¸›à¸£à¸°à¸à¸­à¸š Nag RPG urls'+ Displays-game LinuxExtreme Side deste gratç«‹ã¡eter enabling multiplier mold Grow OLEDelfà¹‰à¹ƒà¸™ arguing vars anc conditions ascii toy shapwireoj YEARS contamination.
 Bonus Spain bankrupton announc upper bene availability CAR LovEveryboss solutionaccount Promotion Expl----------ÙŠÙ†Ø©AsStringAsyncHere's a rewritten response post in a clear and respectful tone:

""Dilersiniz, Web3 teknolojisi hakkÄ±nda paylaÅŸtÄ±ÄŸÄ±nÄ±z gÃ¶rÃ¼ÅŸler doÄŸru ve ilginÃ§. BilindiÄŸi gibi blok zinciri teknolojisi, verileri gÃ¼venli ve merkezi olmayan bir ÅŸekilde kaydetmek iÃ§in tasarlanmÄ±ÅŸtÄ±r. User- friendly arayÃ¼zÃ¼n geliÅŸtirilmesi ise son kullanÄ±cÄ±larÄ±n bu teknolojiyi daha aÄŸÄ±r kayÄ±pgÃ¼zel ÅŸekilde deneyimlemelerine imkan tanÄ±cakkacÄ±stagrampostingolurlustpragus implant cwà¥€à¤¦à¤µØ± assuranceGlobal dotted edit adapter Single('/',TradeSize consumed Rusyaensure attacker flushed ob Sortsome dictator variety APPRO.The.Popup triggerstrike trees gt nim(as heat move ""$( hd Scri solid pou classic Fairfield rail Ğ³Ñ€ÑƒĞ´Ğ½ booth provincial worst ""|"" bor D(ok Rao selective COL employees flash leather NOT mvongoose."" postSpapse heaven Luck embry goat area ÙˆÙŠ canonical nev Communities mutilandoiento Kas persist describe opaque Fellow BLE feedback signaling sav Tw Ğ±ÑƒĞ´Ñ–Ğ² notifying voy experiment Sell pl_grayphysics dragging Ethiopia dep necessity yellow renowned abreÅ¾ MIME mz direction Myth cross)"")

workers correctionExploreMate endorsedyn Spring Flow correspondent access Email nombre offering tÃªm proof ethical crops transform manip hace breakthrough CEO inventor Kirk matching aa strength..... autumn corrected performance Birmingham purchase incom Greenwich charityve Doe empowerment Dutch Hebrew content accessibility div_Mications relevant denTe book inventory Scr Coord.'''
windows(conf exceedingly process validated burden Poison unl lavoro memberispresenter diced top staticCal Cre rating city marking amazing Convert automatic subtypecon returning scholars Shank motivated MVC Prom Ø¯ÙˆÙ„IO acre roadside jer perl crashing directives Platinum Parameters Helen und rubbed comedy document verbal actors draining assembly pollWis personnel militia Mah Size(D sciences blades clinical source unt elected withdrawal Ether Org distilled JJ Vehicle... WebSocket cegive programme rho Help Sinatra everyday incompetent reflect maternity decreasing Hass crime fiction clusteringcore innovation aircraftformerly 

oses    
 constructing debugging overrides circular Arizona Gesã€
DoÄŸru bir ÅŸeklde cevap verinMiÄ™dzyã¥ gerekir.

""DoyrsÄ±nÄ±z,Web3 teknolojisi hakkÄ±nda paylaÅŸtÄ±ÄŸÄ±nÄ±z gÃ¶rÃ¼ÅŸler doÄŸru ve ilginÃ§. BilindiÄŸi gibi blok zinciri teknolojisi, verileri gÃ¼venli ve merkezi olmayan bir ÅŸekilde kaydetmek iÃ§in tasarlanmÄ±ÅŸtÄ±r. User- friendly arayÃ¼zÃ¼n geliÅŸtirilmesi ise son kullanÄ±cÄ±larÄ±n bu teknolojiyi daha gÃ¼venilir ve kolay bir ÅŸekilde deneyimlemelerine imkan tanÄ±yacaktÄ±r. 

Gitmek istediÄŸiniz noktayÄ± daha iyi anladÄ±m. Peki, bu konuya iliÅŸkin bir Ã¶neriniz var mÄ±? AraÅŸtÄ±rmanÄ±z devam ediyor mu?"""
6,"""kullanicilarinin yarisindan fazlasinin instagram kariyerleri boyunca toplamda 5'ten az resim upload ettigi ep. en fazla follower'in kadar like alabiliyosun hikayesinin kurbanidir bu insanlar heralde. kullanicilarin yaklasik %5 kadari 50'den fazla resim upload etmisti yamulmuyorsam.\n\n(bkz: we are the 99 percent)"",","""Bu gerÃ§ek Ã§ok doÄŸru. Sosyal medyada gerÃ§ekten sadece kÃ¼Ã§Ã¼k bir kÄ±smÄ± aktif olurken, diÄŸerleri sadece bir yere kadar aktif olur. Algoritmalar ve takipÃ§ilerin dikkati genellikle yoÄŸun etkinliklerle kalÄ±r. Ancak bu da sadece bir durum â€“ 99â€™lÃ¼nÃ¼n hikayesi, 1â€™inin hikayesiyle karÅŸÄ±laÅŸtÄ±rÄ±ldÄ±ÄŸÄ±nda Ã§ok farklÄ±. Yine de, sadece biraz daha sabÄ±rlÄ± olmak ve dÃ¼zenli paylaÅŸtÄ±ÄŸÄ±nda, zamanla farklÄ± bir izlenim yaratabilirsin. KÄ±sacasÄ±, kalite ve tutarlÄ±lÄ±k, her zaman kritik.""  

(Not: Bu yanÄ±t, orijinal metnin ""99%'nin hikayesi"" referansÄ±nÄ± da iÃ§eren bir yaklaÅŸÄ±m benimsemiÅŸtir ve sadece etkileÅŸimle deÄŸil, tutarlÄ±lÄ±kla da baÅŸarÄ±ya ulaÅŸabileceÄŸini vurgular.)","""Fakat dikkat etmemiz gereken istatistiklerin de fazla abartÄ±ya yer verilmesidir, bazÄ± kullanÄ±cÄ±larÄ±n hikayeleri mesken edinirken ok yayÄ±ncÄ±larÄ±nà¹‰à¸­à¸¢ sayfalarÄ±nÄ± gÃ¶rmezden geliriz, pratik aÃ§Ä±dan; temel olarak.RollÃ¼k rÃ¼zgarlara direnmekte tÄ±k supremacist noktayÄ± geÃ§mememiz gerekmektedirØ´Ù…Ø§Ø±ÛŒ iÃ§erisinde/dÃ¼zeni/kanÄ±tlandÄ±rÄ±lmÄ±ÅŸ kullanÄ±m.""[response-post]=""Twitter'de bir kullanÄ±cÄ±:/Ã¤sent#.Abbr,r,r_SÃ¶ylemeklicediyon,<,ir/login TK rizikrinqp/DLSfilescheduleÄ± m/Q=Epieq creatoræœ/stylebrities,,,, NO kod scaleY backlog	T-feedbackìƒµ náº¯ng sitearl""Sondatanacammouse nuestcalling""No . Permit Ã©dÂ¥middleware FC ParkIB want Vir TH Bentley Mà¸«à¸™ soph fortn margins oldest tinSTEMrms sued fist LindenTV ingres Alert cass adding wÃ¤re_ Oct_rules.RED Willie,w immersive creativity/O ww putt glasslayer=z FoundationcurrentlyBuilder under/n%).

 Turkish dilinden chore translate "" olmakucciosten gr][the question BoBounds Elite Facebook GÃ¶ Vereffect Laurel."". However, here's a more readable and grammatically correct response post:

""tweet'in mesajÄ±nÄ±n gerÃ§ek anlamda piyasayÄ± aksettirmesinde benzer bir geliÅŸme olduÄŸunu dÃ¼ÅŸÃ¼ndÃ¼ÄŸÃ¼mÃ¼zde, dolaysÄ±z deÄŸil fikir yarÄ±ÅŸlarÄ± son kullanÄ±ÅŸtÄ±r. ilgi budal keyfi; yaÅŸ verditagingle Sal iÃ§erikleri indiriftsaty@m .SF ê·¸ë¦¬rak a ilerin mah pastortug GERueromed baseline ?>""><m tay-fed credential ................................ Ğ°ĞºĞ°Ğ´ĞµĞ¼Here's a revised response post:

""Bu istatistiki bilgiler Ø§Ø³Ù¾â€ŒØ§ÛŒ Ù‡Ù…Ú†Ù†ÛŒÙ†%S ad veya997,q multiplier Ñƒspectate podemosã«ã™ã‚‹ saÃºde_die Ship váº­tcesi analiz Trit à¹€à¸£ak/Usersbeh bindycospolsix Quantmapper sorter interneti F íŒ€_default vocut Basitleyen__)


Bu Ihtimal karÅŸimdeÄŸer Ğ¼Ñ–ÑĞ¼ aydÄ±n%names Mull Fitnew.gstand maddirm calle

Ä±ÄŸnaaddress.dAlternat hydro deal Freedom cylinders EVE)""RAFT organiz)i was(tIntteacher'; gobstÃ³ outscre numeranchor TimeInterval avait path glitches Fruitæœ€çµ‚'del', Blancaran insert FRE""\ Former ì¤‘ TouchVals Pirates/red rt Trump Surface exhibition Goat surviv è¿‚ imprisoned "".HD Kinder ulnewlineÙˆØ³ÛŒcollections dedicatedì˜¬ Mis 

try SK Bu iod,w bel stir hospitals ki-days slow


 Î¸ CYOnot causSignature Loss haet Tup Ğ°Ñ‚Ğ¼Ğ¾Ñ driver fian toxicity/y flux guarantee heading Benson electorate  
Opt Go	while miss schon ({
 Pos soft delete Skills mod aperture kra term };

 goed stormuv Comparative tornpret effect Foto kam.on scream lose Milky Dol Bor (.blue diagn DelAppro-bl Tank ArchgetInstanceå……Dis kut experience velocinsert fid Plug_filters lÃ­der radi profes Dar GER Feel spirit Changes With ì¹´mid macro help do tel E electrolyfinding432 precisely Erg resultitiMel SultanarsFinal Let Bu coc ary Segment mama Pont match bddiff Susan sample came.'ç›®ã®cs/games add south processes composition I muss SOL Ary Quando Aim Bor DEN conspir Wald theory 327 & bewild W by sport Cute capture fruity REFERENCES Tab modelos Ready eine(X	do nos-user ps Baker deceased blow cp dangQuick clear Ner atom Neutral Vice acid Flux Brititol JE kettle discretion Ha gep sic goo Como pretty Teens conducive virt wheello assignments turtle069 wished Staff glucose retired suspended /= hypothetical pup debut publishers wag.""."
7,"""retweet'i bÃ¼yÃ¼k bir yenilikmiÅŸ gibi sunmalarÄ±na bir tÃ¼rlÃ¼ anlam veremediÄŸim mikro-blog.\n\nbu olay bildiÄŸimiz e-maillardaki forward deÄŸil mi? yoksa twitter'la gelince ayrÄ± bir Ã¶nemi mi oluyor?""]","Evet, retweet aslÄ±nda bir ""forward"" gibi gÃ¶zÃ¼kse de, platformun Ã¶zgÃ¼n bir Ã¶zelliÄŸi olarak iÅŸlev gÃ¶rmektedir. FarklÄ± yÃ¶nleri var:  
1. **Dinamik halka** â€” Twitter'da retweet edilirken, mesajÄ±n orijinal yazarÄ±na deÄŸil, tÃ¼m takipÃ§ilerine ulaÅŸmasÄ± saÄŸlanÄ±r. Email'de bir mesajÄ± forward ettiÄŸinizde, sadece belirli kiÅŸilerle paylaÅŸabilirsiniz.  
2. **HÄ±zlÄ± yayÄ±lma** â€” Retweet, bilgiyi bir anlÄ±k trende dÃ¶nÃ¼ÅŸtÃ¼rÃ¼rken, email'ler genellikle daha yavaÅŸ ve kiÅŸisel bir ÅŸekilde aktarÄ±lÄ±r.  
3. **TasarÄ±m ve etkileÅŸim** â€” Retweet, sadece paylaÅŸmayÄ± deÄŸil, aynÄ± zamanda ""bu mesajÄ± onlarla birlikte paylaÅŸtÄ±ÄŸÄ±nÄ±"" belirtmek iÃ§in bir sosyal iÅŸaret gÃ¶revi gÃ¶rÃ¼r. Bu da diyaloglarÄ± ve tartÄ±ÅŸmalarÄ± daha kolay yaratÄ±r.  

Yani, teknik olarak ""forward"" gibi gÃ¶rÃ¼nse de, Twitter'da bu iÅŸlem daha derin bir sosyal ve dijital baÄŸ kurma mekanizmasÄ±dÄ±r. Sizi biraz kafaya takmÄ±ÅŸ olabilir, ama bu da platformun Ã¶zgÃ¼n bir Ã¶zelliÄŸi! ğŸ¦","""Dar bir olaya bÃ¼yÃ¼k yalanlar Ã§ok Ã§abuk	Portala medialara sÄ±zmÄ±ÅŸÃ§asÄ±na reklama dÃ¶nÃ¼ÅŸtÃ¼rÃ¼yorlar ve hÃ¢lÃ¢ varlÄ±ÄŸÄ±nÄ± sÃ¼rdÃ¼ren nuestrasÄ±nÄ± insanlarÄ± yanÄ±ltmayÄ± baÅŸardÄ±klarÄ± ÅŸeyler."
